[
  {
    "id": "ORD1766507901021",
    "customer_name": "Rajesh Kumar",
    "mobile": "9876543210",
    "address": "MG Road, Krishnagiri",
    "product": "Regular Pack (500g)",
    "quantity": 2,
    "delivery_time": "12:00 PM",
    "spice_level": "Medium",
    "special_instructions": "",
    "order_date": "2025-12-23T16:38:21.021Z",
    "total_price": 360,
    "status": "new"
  },
  {
    "id": "ORD1766507902022",
    "customer_name": "Priya Sharma",
    "mobile": "9876543211",
    "address": "Anna Nagar, Krishnagiri",
    "product": "Family Pack (1kg)",
    "quantity": 1,
    "delivery_time": "1:00 PM",
    "spice_level": "Mild",
    "special_instructions": "Extra raitha please",
    "order_date": "2025-12-23T16:38:21.022Z",
    "total_price": 350,
    "status": "delivering"
  },
  {
    "id": "ORD1766507903022",
    "customer_name": "Mohammed Asif",
    "mobile": "9876543212",
    "address": "Gandhi Street, Krishnagiri",
    "product": "Solo Feast Combo",
    "quantity": 1,
    "delivery_time": "12:30 PM",
    "spice_level": "Hot",
    "special_instructions": "",
    "order_date": "2025-12-23T16:38:21.022Z",
    "total_price": 240,
    "status": "delivered"
  }
]